high_risk_stunted,proportion
0,0.7333333333333333
1,0.26666666666666666
